herramienta,regla,severidad_herramienta,severidad,categoria,archivo,linea,cwe,mensaje,nota
Cppcheck,resourceLeak,error,Crítico,Rendimiento,src/v1.0-incidente/channel_file.c,41,775,Resource leak: f,
Cppcheck,memleak,error,Crítico,Rendimiento,src/v1.0-incidente/channel_file.c,41,401,Memory leak: cf,
Cppcheck,resourceLeak,error,Crítico,Rendimiento,src/v1.0-incidente/channel_file.c,44,775,Resource leak: f,
Cppcheck,memleak,error,Crítico,Rendimiento,src/v1.0-incidente/channel_file.c,44,401,Memory leak: cf,
Clang SA,security.insecureAPI.strcpy,warning,Alto,Seguridad,src/v1.0-incidente/channel_file.c,17,119,Call to function 'strcpy' is insecure as it does not provide bounding of the memory buffer,
Clang SA,security.insecureAPI.strcpy,warning,Alto,Seguridad,src/v1.0-incidente/channel_file.c,23,119,Call to function 'strcpy' is insecure as it does not provide bounding of the memory buffer,
Cppcheck,nullPointerOutOfMemory,warning,Alto,Seguridad,src/v1.0-incidente/channel_file.c,38,476,"If memory allocation fails, then there is a possible null pointer dereference: cf",
Clang SA,unix.Stream,warning,Alto,Rendimiento,src/v1.0-incidente/channel_file.c,41,,Opened stream never closed,coincide con Cppcheck resourceLeak
Clang SA,unix.Malloc,warning,Alto,Rendimiento,src/v1.0-incidente/channel_file.c,41,,Potential leak of memory pointed to by 'cf',coincide con Cppcheck memleak
Cppcheck,invalidscanf,warning,Alto,Seguridad,src/v1.0-incidente/channel_file.c,42,119,sscanf() without field width limits can crash with huge input data.,
Cppcheck,nullPointerOutOfMemory,warning,Alto,Seguridad,src/v1.0-incidente/channel_file.c,42,476,"If memory allocation fails, then there is a possible null pointer dereference: cf",
Clang SA,security.insecureAPI.strcpy,warning,Alto,Seguridad,src/v1.0-incidente/content_validator.c,22,119,Call to function 'strcpy' is insecure as it does not provide bounding of the memory buffer,
Clang SA,security.insecureAPI.strcpy,warning,Alto,Seguridad,src/v1.0-incidente/sensor_events.c,22,119,Call to function 'strcpy' is insecure as it does not provide bounding of the memory buffer,
Clang SA,security.insecureAPI.strcpy,warning,Alto,Seguridad,src/v1.0-incidente/sensor_events.c,23,119,Call to function 'strcpy' is insecure as it does not provide bounding of the memory buffer,
Cppcheck,ctunullpointerOutOfMemory,warning,Alto,Seguridad,src/v1.0-incidente/sensor_events.c,33,476,"If memory allocation fails, then there is a possible null pointer dereference: values",
Cppcheck,misra-c2012-17.7,style,Medio,Codificación,src/v1.0-incidente/channel_file.c,17,,misra violation (use --rule-texts=<file> to get proper output),
Cppcheck,misra-c2012-15.6,style,Medio,Codificación,src/v1.0-incidente/channel_file.c,21,,misra violation (use --rule-texts=<file> to get proper output),
Cppcheck,misra-c2012-17.7,style,Medio,Codificación,src/v1.0-incidente/channel_file.c,23,,misra violation (use --rule-texts=<file> to get proper output),
Cppcheck,misra-c2012-21.6,style,Medio,Codificación,src/v1.0-incidente/channel_file.c,31,,misra violation (use --rule-texts=<file> to get proper output),
Cppcheck,misra-c2012-15.6,style,Medio,Codificación,src/v1.0-incidente/channel_file.c,34,,misra violation (use --rule-texts=<file> to get proper output),
Cppcheck,misra-c2012-21.3,style,Medio,Codificación,src/v1.0-incidente/channel_file.c,37,,misra violation (use --rule-texts=<file> to get proper output),
Cppcheck,misra-c2012-17.7,style,Medio,Codificación,src/v1.0-incidente/channel_file.c,38,,misra violation (use --rule-texts=<file> to get proper output),
Cppcheck,misra-c2012-15.6,style,Medio,Codificación,src/v1.0-incidente/channel_file.c,40,,misra violation (use --rule-texts=<file> to get proper output),
Cppcheck,misra-c2012-21.6,style,Medio,Codificación,src/v1.0-incidente/channel_file.c,40,,misra violation (use --rule-texts=<file> to get proper output),
Cppcheck,misra-c2012-15.6,style,Medio,Codificación,src/v1.0-incidente/channel_file.c,42,,misra violation (use --rule-texts=<file> to get proper output),
Cppcheck,misra-c2012-21.6,style,Medio,Codificación,src/v1.0-incidente/channel_file.c,42,,misra violation (use --rule-texts=<file> to get proper output),
Cppcheck,misra-c2012-21.6,style,Medio,Codificación,src/v1.0-incidente/channel_file.c,46,,misra violation (use --rule-texts=<file> to get proper output),
Cppcheck,misra-c2012-15.6,style,Medio,Codificación,src/v1.0-incidente/channel_file.c,47,,misra violation (use --rule-texts=<file> to get proper output),
Cppcheck,misra-c2012-17.7,style,Medio,Codificación,src/v1.0-incidente/channel_file.c,52,,misra violation (use --rule-texts=<file> to get proper output),
Cppcheck,misra-c2012-21.6,style,Medio,Codificación,src/v1.0-incidente/channel_file.c,52,,misra violation (use --rule-texts=<file> to get proper output),
Cppcheck,misra-c2012-21.3,style,Medio,Codificación,src/v1.0-incidente/channel_file.c,58,,misra violation (use --rule-texts=<file> to get proper output),
Cppcheck,misra-c2012-10.4,style,Medio,Codificación,src/v1.0-incidente/content_interpreter.c,15,,misra violation (use --rule-texts=<file> to get proper output),
Cppcheck,misra-c2012-10.4,style,Medio,Codificación,src/v1.0-incidente/content_interpreter.c,15,,misra violation (use --rule-texts=<file> to get proper output),
Cppcheck,misra-c2012-15.6,style,Medio,Codificación,src/v1.0-incidente/content_interpreter.c,15,,misra violation (use --rule-texts=<file> to get proper output),
Cppcheck,misra-c2012-10.4,style,Medio,Codificación,src/v1.0-incidente/content_interpreter.c,16,,misra violation (use --rule-texts=<file> to get proper output),
Cppcheck,misra-c2012-15.6,style,Medio,Codificación,src/v1.0-incidente/content_interpreter.c,26,,misra violation (use --rule-texts=<file> to get proper output),
Cppcheck,misra-c2012-15.6,style,Medio,Codificación,src/v1.0-incidente/content_interpreter.c,28,,misra violation (use --rule-texts=<file> to get proper output),
Cppcheck,misra-c2012-14.4,style,Medio,Codificación,src/v1.0-incidente/content_interpreter.c,40,,misra violation (use --rule-texts=<file> to get proper output),
Cppcheck,misra-c2012-15.6,style,Medio,Codificación,src/v1.0-incidente/content_interpreter.c,40,,misra violation (use --rule-texts=<file> to get proper output),
Cppcheck,misra-c2012-17.7,style,Medio,Codificación,src/v1.0-incidente/content_validator.c,20,,misra violation (use --rule-texts=<file> to get proper output),
Cppcheck,misra-c2012-21.6,style,Medio,Codificación,src/v1.0-incidente/content_validator.c,20,,misra violation (use --rule-texts=<file> to get proper output),
Cppcheck,misra-c2012-17.7,style,Medio,Codificación,src/v1.0-incidente/content_validator.c,22,,misra violation (use --rule-texts=<file> to get proper output),
Cppcheck,misra-c2012-10.4,style,Medio,Codificación,src/v1.0-incidente/content_validator.c,26,,misra violation (use --rule-texts=<file> to get proper output),
Cppcheck,misra-c2012-17.7,style,Medio,Codificación,src/v1.0-incidente/content_validator.c,27,,misra violation (use --rule-texts=<file> to get proper output),
Cppcheck,misra-c2012-21.6,style,Medio,Codificación,src/v1.0-incidente/content_validator.c,27,,misra violation (use --rule-texts=<file> to get proper output),
Cppcheck,misra-c2012-17.7,style,Medio,Codificación,src/v1.0-incidente/main.c,20,,misra violation (use --rule-texts=<file> to get proper output),
Cppcheck,misra-c2012-21.6,style,Medio,Codificación,src/v1.0-incidente/main.c,20,,misra violation (use --rule-texts=<file> to get proper output),
Cppcheck,misra-c2012-17.7,style,Medio,Codificación,src/v1.0-incidente/main.c,26,,misra violation (use --rule-texts=<file> to get proper output),
Cppcheck,misra-c2012-21.6,style,Medio,Codificación,src/v1.0-incidente/main.c,26,,misra violation (use --rule-texts=<file> to get proper output),
Cppcheck,misra-c2012-17.7,style,Medio,Codificación,src/v1.0-incidente/main.c,30,,misra violation (use --rule-texts=<file> to get proper output),
Cppcheck,misra-c2012-21.6,style,Medio,Codificación,src/v1.0-incidente/main.c,30,,misra violation (use --rule-texts=<file> to get proper output),
Cppcheck,misra-c2012-17.7,style,Medio,Codificación,src/v1.0-incidente/main.c,34,,misra violation (use --rule-texts=<file> to get proper output),
Cppcheck,misra-c2012-21.6,style,Medio,Codificación,src/v1.0-incidente/main.c,34,,misra violation (use --rule-texts=<file> to get proper output),
Cppcheck,misra-c2012-17.7,style,Medio,Codificación,src/v1.0-incidente/main.c,36,,misra violation (use --rule-texts=<file> to get proper output),
Cppcheck,misra-c2012-21.6,style,Medio,Codificación,src/v1.0-incidente/main.c,36,,misra violation (use --rule-texts=<file> to get proper output),
Cppcheck,misra-c2012-7.4,style,Medio,Codificación,src/v1.0-incidente/main.c,42,,misra violation (use --rule-texts=<file> to get proper output),
Cppcheck,misra-c2012-14.4,style,Medio,Codificación,src/v1.0-incidente/main.c,44,,misra violation (use --rule-texts=<file> to get proper output),
Cppcheck,misra-c2012-17.7,style,Medio,Codificación,src/v1.0-incidente/main.c,45,,misra violation (use --rule-texts=<file> to get proper output),
Cppcheck,misra-c2012-21.6,style,Medio,Codificación,src/v1.0-incidente/main.c,45,,misra violation (use --rule-texts=<file> to get proper output),
Cppcheck,misra-c2012-17.7,style,Medio,Codificación,src/v1.0-incidente/main.c,48,,misra violation (use --rule-texts=<file> to get proper output),
Cppcheck,misra-c2012-21.6,style,Medio,Codificación,src/v1.0-incidente/main.c,48,,misra violation (use --rule-texts=<file> to get proper output),
Cppcheck,misra-c2012-21.3,style,Medio,Codificación,src/v1.0-incidente/main.c,61,,misra violation (use --rule-texts=<file> to get proper output),
Cppcheck,misra-c2012-17.7,style,Medio,Codificación,src/v1.0-incidente/main.c,62,,misra violation (use --rule-texts=<file> to get proper output),
Cppcheck,misra-c2012-21.3,style,Medio,Codificación,src/v1.0-incidente/main.c,64,,misra violation (use --rule-texts=<file> to get proper output),
Cppcheck,misra-c2012-17.7,style,Medio,Codificación,src/v1.0-incidente/main.c,68,,misra violation (use --rule-texts=<file> to get proper output),
Cppcheck,misra-c2012-17.7,style,Medio,Codificación,src/v1.0-incidente/main.c,72,,misra violation (use --rule-texts=<file> to get proper output),
Cppcheck,misra-c2012-21.6,style,Medio,Codificación,src/v1.0-incidente/main.c,72,,misra violation (use --rule-texts=<file> to get proper output),
Cppcheck,misra-c2012-17.7,style,Medio,Codificación,src/v1.0-incidente/main.c,83,,misra violation (use --rule-texts=<file> to get proper output),
Cppcheck,misra-c2012-21.6,style,Medio,Codificación,src/v1.0-incidente/main.c,83,,misra violation (use --rule-texts=<file> to get proper output),
Cppcheck,misra-c2012-17.7,style,Medio,Codificación,src/v1.0-incidente/main.c,88,,misra violation (use --rule-texts=<file> to get proper output),
Cppcheck,misra-c2012-21.6,style,Medio,Codificación,src/v1.0-incidente/main.c,88,,misra violation (use --rule-texts=<file> to get proper output),
Cppcheck,misra-c2012-15.6,style,Medio,Codificación,src/v1.0-incidente/main.c,92,,misra violation (use --rule-texts=<file> to get proper output),
Cppcheck,misra-c2012-21.7,style,Medio,Codificación,src/v1.0-incidente/main.c,93,,misra violation (use --rule-texts=<file> to get proper output),
Cppcheck,misra-c2012-15.6,style,Medio,Codificación,src/v1.0-incidente/main.c,94,,misra violation (use --rule-texts=<file> to get proper output),
Cppcheck,misra-c2012-21.7,style,Medio,Codificación,src/v1.0-incidente/main.c,95,,misra violation (use --rule-texts=<file> to get proper output),
Cppcheck,misra-c2012-15.6,style,Medio,Codificación,src/v1.0-incidente/main.c,96,,misra violation (use --rule-texts=<file> to get proper output),
Cppcheck,misra-c2012-15.7,style,Medio,Codificación,src/v1.0-incidente/main.c,97,,misra violation (use --rule-texts=<file> to get proper output),
Cppcheck,misra-c2012-21.7,style,Medio,Codificación,src/v1.0-incidente/main.c,97,,misra violation (use --rule-texts=<file> to get proper output),
Cppcheck,misra-c2012-15.6,style,Medio,Codificación,src/v1.0-incidente/main.c,100,,misra violation (use --rule-texts=<file> to get proper output),
Cppcheck,misra-c2012-15.6,style,Medio,Codificación,src/v1.0-incidente/main.c,102,,misra violation (use --rule-texts=<file> to get proper output),
Cppcheck,misra-c2012-15.6,style,Medio,Codificación,src/v1.0-incidente/main.c,104,,misra violation (use --rule-texts=<file> to get proper output),
Cppcheck,misra-c2012-15.6,style,Medio,Codificación,src/v1.0-incidente/main.c,106,,misra violation (use --rule-texts=<file> to get proper output),
Cppcheck,misra-c2012-17.7,style,Medio,Codificación,src/v1.0-incidente/sensor_events.c,20,,misra violation (use --rule-texts=<file> to get proper output),
Cppcheck,misra-c2012-17.7,style,Medio,Codificación,src/v1.0-incidente/sensor_events.c,22,,misra violation (use --rule-texts=<file> to get proper output),
Cppcheck,misra-c2012-17.7,style,Medio,Codificación,src/v1.0-incidente/sensor_events.c,23,,misra violation (use --rule-texts=<file> to get proper output),
Cppcheck,misra-c2012-17.7,style,Medio,Codificación,src/v1.0-incidente/sensor_events.c,24,,misra violation (use --rule-texts=<file> to get proper output),
Cppcheck,misra-c2012-21.6,style,Medio,Codificación,src/v1.0-incidente/sensor_events.c,24,,misra violation (use --rule-texts=<file> to get proper output),
Cppcheck,misra-c2012-15.6,style,Medio,Codificación,src/v1.0-incidente/sensor_events.c,25,,misra violation (use --rule-texts=<file> to get proper output),
Cppcheck,misra-c2012-17.7,style,Medio,Codificación,src/v1.0-incidente/sensor_events.c,26,,misra violation (use --rule-texts=<file> to get proper output),
Cppcheck,misra-c2012-21.6,style,Medio,Codificación,src/v1.0-incidente/sensor_events.c,26,,misra violation (use --rule-texts=<file> to get proper output),
Cppcheck,misra-c2012-15.6,style,Medio,Codificación,src/v1.0-incidente/sensor_events.c,36,,misra violation (use --rule-texts=<file> to get proper output),
Cppcheck,misra-c2012-10.4,style,Medio,Codificación,src/v1.0-incidente/sensor_events.c,45,,misra violation (use --rule-texts=<file> to get proper output),
Cppcheck,misra-c2012-10.4,style,Medio,Codificación,src/v1.0-incidente/sensor_events.c,45,,misra violation (use --rule-texts=<file> to get proper output),
Cppcheck,misra-c2012-15.6,style,Medio,Codificación,src/v1.0-incidente/sensor_events.c,45,,misra violation (use --rule-texts=<file> to get proper output),
Cppcheck,misra-c2012-10.4,style,Medio,Codificación,src/v1.0-incidente/sensor_events.c,46,,misra violation (use --rule-texts=<file> to get proper output),
Cppcheck,misra-c2012-17.7,style,Medio,Codificación,src/v1.0-incidente/sensor_events.c,60,,misra violation (use --rule-texts=<file> to get proper output),
Cppcheck,misra-c2012-21.6,style,Medio,Codificación,src/v1.0-incidente/sensor_events.c,60,,misra violation (use --rule-texts=<file> to get proper output),
Cppcheck,misra-c2012-17.7,style,Medio,Codificación,src/v1.0-incidente/sensor_events.c,61,,misra violation (use --rule-texts=<file> to get proper output),
Cppcheck,misra-c2012-21.6,style,Medio,Codificación,src/v1.0-incidente/sensor_events.c,61,,misra violation (use --rule-texts=<file> to get proper output),
Cppcheck,constVariablePointer,style,Bajo,Mantenibilidad,src/v1.0-incidente/channel_file.c,14,398,Variable 'tok' can be declared as pointer to const,
Cppcheck,misra-c2012-15.5,style,Bajo,Codificación,src/v1.0-incidente/channel_file.c,35,,misra violation (use --rule-texts=<file> to get proper output),
Cppcheck,misra-c2012-11.5,style,Bajo,Codificación,src/v1.0-incidente/channel_file.c,37,,misra violation (use --rule-texts=<file> to get proper output),
Cppcheck,misra-c2012-15.5,style,Bajo,Codificación,src/v1.0-incidente/channel_file.c,41,,misra violation (use --rule-texts=<file> to get proper output),
Clang SA,security.insecureAPI.DeprecatedOrUnsafeBufferHandling,warning,Bajo,Seguridad,src/v1.0-incidente/channel_file.c,42,,Call to function 'sscanf' is insecure as it does not provide bounding of the memory buffer or security checks introduced in the C11 standard,posible falso positivo: printf/sscanf con formato fijo
Cppcheck,misra-c2012-15.5,style,Bajo,Codificación,src/v1.0-incidente/channel_file.c,44,,misra violation (use --rule-texts=<file> to get proper output),
Cppcheck,misra-c2012-12.1,style,Bajo,Codificación,src/v1.0-incidente/channel_file.c,47,,misra violation (use --rule-texts=<file> to get proper output),
Cppcheck,misra-c2012-5.9,style,Bajo,Codificación,src/v1.0-incidente/content_interpreter.c,11,,misra violation (use --rule-texts=<file> to get proper output),
Cppcheck,misra-c2012-12.1,style,Bajo,Codificación,src/v1.0-incidente/content_interpreter.c,15,,misra violation (use --rule-texts=<file> to get proper output),
Cppcheck,misra-c2012-15.5,style,Bajo,Codificación,src/v1.0-incidente/content_interpreter.c,16,,misra violation (use --rule-texts=<file> to get proper output),
Cppcheck,misra-c2012-15.5,style,Bajo,Codificación,src/v1.0-incidente/content_interpreter.c,29,,misra violation (use --rule-texts=<file> to get proper output),
Cppcheck,misra-c2012-2.7,style,Bajo,Codificación,src/v1.0-incidente/content_interpreter.c,35,,misra violation (use --rule-texts=<file> to get proper output),
Cppcheck,misra-c2012-12.3,style,Bajo,Codificación,src/v1.0-incidente/content_interpreter.c,37,,misra violation (use --rule-texts=<file> to get proper output),
Cppcheck,misra-c2012-12.3,style,Bajo,Codificación,src/v1.0-incidente/content_validator.c,13,,misra violation (use --rule-texts=<file> to get proper output),
Cppcheck,misra-c2012-15.5,style,Bajo,Codificación,src/v1.0-incidente/content_validator.c,23,,misra violation (use --rule-texts=<file> to get proper output),
Cppcheck,misra-c2012-15.5,style,Bajo,Codificación,src/v1.0-incidente/content_validator.c,28,,misra violation (use --rule-texts=<file> to get proper output),
Cppcheck,misra-c2012-12.3,style,Bajo,Codificación,src/v1.0-incidente/main.c,18,,misra violation (use --rule-texts=<file> to get proper output),
Cppcheck,misra-c2012-15.5,style,Bajo,Codificación,src/v1.0-incidente/main.c,46,,misra violation (use --rule-texts=<file> to get proper output),
Cppcheck,misra-c2012-12.3,style,Bajo,Codificación,src/v1.0-incidente/main.c,55,,misra violation (use --rule-texts=<file> to get proper output),
Cppcheck,misra-c2012-12.3,style,Bajo,Codificación,src/v1.0-incidente/main.c,79,,misra violation (use --rule-texts=<file> to get proper output),
Cppcheck,misra-c2012-12.3,style,Bajo,Codificación,src/v1.0-incidente/main.c,79,,misra violation (use --rule-texts=<file> to get proper output),
Cppcheck,misra-c2012-12.3,style,Bajo,Codificación,src/v1.0-incidente/main.c,79,,misra violation (use --rule-texts=<file> to get proper output),
Clang SA,security.insecureAPI.DeprecatedOrUnsafeBufferHandling,warning,Bajo,Seguridad,src/v1.0-incidente/main.c,83,,Call to function 'fprintf' is insecure as it does not provide bounding of the memory buffer or security checks introduced in the C11 standard,posible falso positivo: printf/sscanf con formato fijo
Cppcheck,misra-c2012-15.5,style,Bajo,Codificación,src/v1.0-incidente/main.c,84,,misra violation (use --rule-texts=<file> to get proper output),
Clang SA,security.insecureAPI.DeprecatedOrUnsafeBufferHandling,warning,Bajo,Seguridad,src/v1.0-incidente/main.c,88,,Call to function 'fprintf' is insecure as it does not provide bounding of the memory buffer or security checks introduced in the C11 standard,posible falso positivo: printf/sscanf con formato fijo
Cppcheck,misra-c2012-15.5,style,Bajo,Codificación,src/v1.0-incidente/main.c,89,,misra violation (use --rule-texts=<file> to get proper output),
Cppcheck,misra-c2012-12.1,style,Bajo,Codificación,src/v1.0-incidente/main.c,91,,misra violation (use --rule-texts=<file> to get proper output),
Cppcheck,misra-c2012-8.9,style,Bajo,Codificación,src/v1.0-incidente/sensor_events.c,10,,misra violation (use --rule-texts=<file> to get proper output),
Cppcheck,misra-c2012-8.9,style,Bajo,Codificación,src/v1.0-incidente/sensor_events.c,12,,misra violation (use --rule-texts=<file> to get proper output),
Clang SA,security.insecureAPI.rand,warning,Bajo,Seguridad,src/v1.0-incidente/sensor_events.c,21,,Function 'rand' is obsolete because it implements a poor random number generator,falso positivo en contexto: rand() solo genera eventos de prueba
Clang SA,security.insecureAPI.rand,warning,Bajo,Seguridad,src/v1.0-incidente/sensor_events.c,22,,Function 'rand' is obsolete because it implements a poor random number generator,falso positivo en contexto: rand() solo genera eventos de prueba
Clang SA,security.insecureAPI.rand,warning,Bajo,Seguridad,src/v1.0-incidente/sensor_events.c,23,,Function 'rand' is obsolete because it implements a poor random number generator,falso positivo en contexto: rand() solo genera eventos de prueba
Clang SA,security.insecureAPI.rand,warning,Bajo,Seguridad,src/v1.0-incidente/sensor_events.c,24,,Function 'rand' is obsolete because it implements a poor random number generator,falso positivo en contexto: rand() solo genera eventos de prueba
Clang SA,security.insecureAPI.rand,warning,Bajo,Seguridad,src/v1.0-incidente/sensor_events.c,26,,Function 'rand' is obsolete because it implements a poor random number generator,falso positivo en contexto: rand() solo genera eventos de prueba
Cppcheck,misra-c2012-5.9,style,Bajo,Codificación,src/v1.0-incidente/sensor_events.c,41,,misra violation (use --rule-texts=<file> to get proper output),
Cppcheck,misra-c2012-12.1,style,Bajo,Codificación,src/v1.0-incidente/sensor_events.c,45,,misra violation (use --rule-texts=<file> to get proper output),
Cppcheck,misra-c2012-15.5,style,Bajo,Codificación,src/v1.0-incidente/sensor_events.c,46,,misra violation (use --rule-texts=<file> to get proper output),
Cppcheck,unusedFunction,style,Bajo,Mantenibilidad,src/v1.0-incidente/sensor_events.c,50,561,The function 'sensor_filter' is never used.,
Cppcheck,misra-c2012-8.7,style,Bajo,Codificación,src/v1.0-incidente/sensor_events.c,50,,misra violation (use --rule-texts=<file> to get proper output),
Cppcheck,unusedFunction,style,Bajo,Mantenibilidad,src/v1.0-incidente/sensor_events.c,56,561,The function 'sensor_log_event' is never used.,
Cppcheck,misra-c2012-8.7,style,Bajo,Codificación,src/v1.0-incidente/sensor_events.c,56,,misra violation (use --rule-texts=<file> to get proper output),
Clang SA,security.insecureAPI.DeprecatedOrUnsafeBufferHandling,warning,Bajo,Seguridad,src/v1.0-incidente/sensor_events.c,61,,Call to function 'fprintf' is insecure as it does not provide bounding of the memory buffer or security checks introduced in the C11 standard,posible falso positivo: printf/sscanf con formato fijo
