7,3,61,2,8,"pattern_match@11-18@src/v1.0-incidente/content_interpreter.c","src/v1.0-incidente/content_interpreter.c","pattern_match","pattern_match( const char * pattern , const char * value)",11,18
13,4,83,1,14,"match_instance@20-33@src/v1.0-incidente/content_interpreter.c","src/v1.0-incidente/content_interpreter.c","match_instance","match_instance( const template_instance_t * inst , const char * values [ ])",20,33
9,3,64,2,10,"ci_evaluate@35-44@src/v1.0-incidente/content_interpreter.c","src/v1.0-incidente/content_interpreter.c","ci_evaluate","ci_evaluate( const channel_file_t * cf , const char * values [ ] , int n_values)",35,44
21,5,149,2,23,"cv_validate@11-33@src/v1.0-incidente/content_validator.c","src/v1.0-incidente/content_validator.c","cv_validate","cv_validate( const channel_file_t * cf , char * reason)",11,33
14,3,90,2,15,"split_criteria@12-26@src/v1.0-incidente/channel_file.c","src/v1.0-incidente/channel_file.c","split_criteria","split_criteria( char * line , template_instance_t * inst)",12,26
23,7,167,1,27,"cf_load@28-54@src/v1.0-incidente/channel_file.c","src/v1.0-incidente/channel_file.c","cf_load","cf_load( const char * path)",28,54
4,1,13,1,4,"cf_free@56-59@src/v1.0-incidente/channel_file.c","src/v1.0-incidente/channel_file.c","cf_free","cf_free( channel_file_t * cf)",56,59
21,6,150,1,23,"cmd_info@16-38@src/v1.0-incidente/main.c","src/v1.0-incidente/main.c","cmd_info","cmd_info( const channel_file_t * cf)",16,38
10,2,46,1,11,"cmd_validate@40-50@src/v1.0-incidente/main.c","src/v1.0-incidente/main.c","cmd_validate","cmd_validate( const channel_file_t * cf)",40,50
20,3,155,4,23,"cmd_run@52-74@src/v1.0-incidente/main.c","src/v1.0-incidente/main.c","cmd_run","cmd_run( const channel_file_t * cf , int events , unsigned int seed , int n_inputs)",52,74
33,10,276,2,35,"main@76-110@src/v1.0-incidente/main.c","src/v1.0-incidente/main.c","main","main( int argc , char ** argv)",76,110
12,2,127,2,13,"sensor_synthetic_event@15-27@src/v1.0-incidente/sensor_events.c","src/v1.0-incidente/sensor_events.c","sensor_synthetic_event","sensor_synthetic_event( ipc_event_t * ev , unsigned int seed)",15,27
10,2,77,2,11,"sensor_build_inputs@29-39@src/v1.0-incidente/sensor_events.c","src/v1.0-incidente/sensor_events.c","sensor_build_inputs","sensor_build_inputs( const ipc_event_t * ev , const char * values [ ] , int n)",29,39
7,3,61,2,8,"pattern_match@41-48@src/v1.0-incidente/sensor_events.c","src/v1.0-incidente/sensor_events.c","pattern_match","pattern_match( const char * pattern , const char * value)",41,48
5,2,33,2,5,"sensor_filter@50-54@src/v1.0-incidente/sensor_events.c","src/v1.0-incidente/sensor_events.c","sensor_filter","sensor_filter( const ipc_event_t * ev , const char * pattern)",50,54
6,1,45,1,7,"sensor_log_event@56-62@src/v1.0-incidente/sensor_events.c","src/v1.0-incidente/sensor_events.c","sensor_log_event","sensor_log_event( ipc_event_t ev)",56,62
